{"a_tpath": "C:/Users/\u795e\u6b92\u9b54\u706d/Desktop/\u54c8\u55bd\u9b54\u98de/\u6d4b\u8bd5\u96c6wav", "a_spath": "C:/Users/\u795e\u6b92\u9b54\u706d/Desktop/\u54c8\u55bd\u9b54\u98de/10.24\u6d4b\u8bd5\u7ed3\u679c", "a_test_num": 1, "a_logpath": "/sdcard/morfei/mfcore_vui.log", "a_expect": "hello_mofei", "a_re": "c(i|m)_wakeup", "a_radioedit": "COM13", "tpath": "C:\\Users\\\u795e\u6b92\u9b54\u706d\\Desktop\\\u54c8\u55bd\u9b54\u98de\\\u6d4b\u8bd5\u96c6wav", "spath": "C:\\Users\\\u795e\u6b92\u9b54\u706d\\Desktop\\\u54c8\u55bd\u9b54\u98de\\10.24\u6d4b\u8bd5\u7ed3\u679c", "test_num": 999, "logpath": "/sdcard/morfei/mfcore_vui.log", "radioedit": "COM13"}